 THU price [$] , Factory scale factor [-] , Shipping cost [$/mile] , Budget [$] , status , THU built , Factories build , Cost [$] 
" 3,000 ", 30 , 1 ," 50,000,000 ", 2 ," 12,431 ", 3 ," 50,000,000 "
" 3,000 ", 30 , 1 ," 100,000,000 ", 2 ," 25,000 ", 5 ," 99,999,952 "
" 3,000 ", 30 , 1 ," 150,000,000 ", 2 ," 37,507 ", 8 ," 150,000,000 "
" 3,000 ", 30 , 1 ," 200,000,000 ", 2 ," 50,000 ", 10 ," 198,816,041 "
" 3,000 ", 30 , 2 ," 50,000,000 ", 2 ," 12,306 ", 3 ," 50,000,000 "
" 3,000 ", 30 , 2 ," 100,000,000 ", 2 ," 25,000 ", 5 ," 98,572,484 "
" 3,000 ", 30 , 2 ," 150,000,000 ", 2 ," 37,029 ", 8 ," 150,000,000 "
" 3,000 ", 30 , 2 ," 200,000,000 ", 2 ," 49,642 ", 10 ," 200,000,000 "
" 3,000 ", 30 , 5 ," 50,000,000 ", 2 ," 12,064 ", 3 ," 50,000,000 "
" 3,000 ", 30 , 5 ," 100,000,000 ", 2 ," 24,649 ", 5 ," 100,000,000 "
" 3,000 ", 30 , 5 ," 150,000,000 ", 2 ," 35,846 ", 8 ," 150,000,000 "
" 3,000 ", 30 , 5 ," 200,000,000 ", 2 ," 47,986 ", 10 ," 200,000,000 "
" 3,000 ", 33 , 1 ," 50,000,000 ", 2 ," 12,032 ", 3 ," 50,000,000 "
" 3,000 ", 33 , 1 ," 100,000,000 ", 2 ," 25,000 ", 5 ," 99,491,643 "
" 3,000 ", 33 , 1 ," 150,000,000 ", 2 ," 36,352 ", 8 ," 150,000,000 "
" 3,000 ", 33 , 1 ," 200,000,000 ", 2 ," 48,900 ", 10 ," 200,000,000 "
" 3,000 ", 33 , 2 ," 50,000,000 ", 2 ," 11,916 ", 3 ," 50,000,000 "
" 3,000 ", 33 , 2 ," 100,000,000 ", 2 ," 24,790 ", 5 ," 100,000,000 "
" 3,000 ", 33 , 2 ," 150,000,000 ", 2 ," 35,909 ", 8 ," 150,000,000 "
" 3,000 ", 33 , 2 ," 200,000,000 ", 2 ," 48,215 ", 10 ," 200,000,000 "
" 3,000 ", 33 , 5 ," 50,000,000 ", 2 ," 11,668 ", 3 ," 50,000,000 "
" 3,000 ", 33 , 5 ," 100,000,000 ", 2 ," 23,999 ", 5 ," 100,000,000 "
" 3,000 ", 33 , 5 ," 150,000,000 ", 2 ," 35,000 ", 7 ," 146,575,621 "
" 3,000 ", 33 , 5 ," 200,000,000 ", 2 ," 46,674 ", 10 ," 200,000,000 "
" 3,000 ", 36 , 1 ," 50,000,000 ", 2 ," 11,631 ", 3 ," 50,000,000 "
" 3,000 ", 36 , 1 ," 100,000,000 ", 2 ," 24,491 ", 5 ," 100,000,000 "
" 3,000 ", 36 , 1 ," 150,000,000 ", 2 ," 35,195 ", 8 ," 150,000,000 "
" 3,000 ", 36 , 1 ," 200,000,000 ", 2 ," 47,421 ", 10 ," 200,000,000 "
" 3,000 ", 36 , 2 ," 50,000,000 ", 2 ," 11,522 ", 3 ," 50,000,000 "
" 3,000 ", 36 , 2 ," 100,000,000 ", 2 ," 24,144 ", 5 ," 100,000,000 "
" 3,000 ", 36 , 2 ," 150,000,000 ", 2 ," 35,000 ", 7 ," 149,999,950 "
" 3,000 ", 36 , 2 ," 200,000,000 ", 2 ," 46,777 ", 10 ," 200,000,000 "
" 3,000 ", 36 , 5 ," 50,000,000 ", 2 ," 11,271 ", 3 ," 50,000,000 "
" 3,000 ", 36 , 5 ," 100,000,000 ", 2 ," 23,375 ", 5 ," 100,000,000 "
" 3,000 ", 36 , 5 ," 150,000,000 ", 2 ," 35,000 ", 7 ," 149,869,763 "
" 3,000 ", 36 , 5 ," 200,000,000 ", 2 ," 45,341 ", 10 ," 200,000,000 "
" 3,000 ", 39 , 1 ," 50,000,000 ", 2 ," 11,229 ", 3 ," 50,000,000 "
" 3,000 ", 39 , 1 ," 100,000,000 ", 2 ," 23,817 ", 5 ," 100,000,000 "
" 3,000 ", 39 , 1 ," 150,000,000 ", 2 ," 35,000 ", 7 ," 149,999,994 "
" 3,000 ", 39 , 1 ," 200,000,000 ", 2 ," 45,947 ", 10 ," 200,000,000 "
" 3,000 ", 39 , 2 ," 50,000,000 ", 2 ," 11,129 ", 3 ," 50,000,000 "
" 3,000 ", 39 , 2 ," 100,000,000 ", 2 ," 23,499 ", 5 ," 100,000,000 "
" 3,000 ", 39 , 2 ," 150,000,000 ", 2 ," 35,000 ", 7 ," 149,999,977 "
" 3,000 ", 39 , 2 ," 200,000,000 ", 2 ," 45,345 ", 10 ," 200,000,000 "
" 3,000 ", 39 , 5 ," 50,000,000 ", 2 ," 10,873 ", 3 ," 50,000,000 "
" 3,000 ", 39 , 5 ," 100,000,000 ", 2 ," 22,750 ", 5 ," 100,000,000 "
" 3,000 ", 39 , 5 ," 150,000,000 ", 2 ," 34,117 ", 7 ," 150,000,000 "
" 3,000 ", 39 , 5 ," 200,000,000 ", 2 ," 45,000 ", 9 ," 198,708,583 "
" 4,000 ", 30 , 1 ," 50,000,000 ", 2 ," 10,000 ", 2 ," 48,386,723 "
" 4,000 ", 30 , 1 ," 100,000,000 ", 2 ," 20,000 ", 4 ," 97,641,683 "
" 4,000 ", 30 , 1 ," 150,000,000 ", 2 ," 30,000 ", 6 ," 149,999,980 "
" 4,000 ", 30 , 1 ," 200,000,000 ", 2 ," 40,000 ", 8 ," 197,821,315 "
" 4,000 ", 30 , 2 ," 50,000,000 ", 2 ," 10,000 ", 2 ," 48,665,323 "
" 4,000 ", 30 , 2 ," 100,000,000 ", 2 ," 20,000 ", 4 ," 98,430,963 "
" 4,000 ", 30 , 2 ," 150,000,000 ", 2 ," 30,000 ", 6 ," 148,845,335 "
" 4,000 ", 30 , 2 ," 200,000,000 ", 2 ," 40,000 ", 8 ," 199,706,496 "
" 4,000 ", 30 , 5 ," 50,000,000 ", 2 ," 10,000 ", 2 ," 49,508,482 "
" 4,000 ", 30 , 5 ," 100,000,000 ", 2 ," 19,952 ", 4 ," 100,000,000 "
" 4,000 ", 30 , 5 ," 150,000,000 ", 2 ," 29,508 ", 6 ," 150,000,000 "
" 4,000 ", 30 , 5 ," 200,000,000 ", 2 ," 39,008 ", 8 ," 200,000,000 "
" 4,000 ", 33 , 1 ," 50,000,000 ", 2 ," 10,000 ", 2 ," 49,197,617 "
" 4,000 ", 33 , 1 ," 100,000,000 ", 2 ," 20,000 ", 4 ," 99,291,824 "
" 4,000 ", 33 , 1 ," 150,000,000 ", 2 ," 30,000 ", 6 ," 149,895,171 "
" 4,000 ", 33 , 1 ," 200,000,000 ", 2 ," 39,658 ", 8 ," 200,000,000 "
" 4,000 ", 33 , 2 ," 50,000,000 ", 2 ," 10,000 ", 2 ," 49,476,149 "
" 4,000 ", 33 , 2 ," 100,000,000 ", 2 ," 19,969 ", 4 ," 100,000,000 "
" 4,000 ", 33 , 2 ," 150,000,000 ", 2 ," 29,664 ", 6 ," 150,000,000 "
" 4,000 ", 33 , 2 ," 200,000,000 ", 2 ," 39,227 ", 8 ," 200,000,000 "
" 4,000 ", 33 , 5 ," 50,000,000 ", 2 ," 9,926 ", 2 ," 50,000,000 "
" 4,000 ", 33 , 5 ," 100,000,000 ", 2 ," 19,537 ", 4 ," 100,000,000 "
" 4,000 ", 33 , 5 ," 150,000,000 ", 2 ," 28,894 ", 6 ," 150,000,000 "
" 4,000 ", 33 , 5 ," 200,000,000 ", 2 ," 38,176 ", 8 ," 200,000,000 "
" 4,000 ", 36 , 1 ," 50,000,000 ", 2 ," 9,998 ", 2 ," 50,000,000 "
" 4,000 ", 36 , 1 ," 100,000,000 ", 2 ," 19,772 ", 4 ," 100,000,000 "
" 4,000 ", 36 , 1 ," 150,000,000 ", 2 ," 29,403 ", 6 ," 150,000,000 "
" 4,000 ", 36 , 1 ," 200,000,000 ", 2 ," 38,790 ", 8 ," 200,000,000 "
" 4,000 ", 36 , 2 ," 50,000,000 ", 2 ," 9,930 ", 2 ," 50,000,000 "
" 4,000 ", 36 , 2 ," 100,000,000 ", 2 ," 19,567 ", 4 ," 100,000,000 "
" 4,000 ", 36 , 2 ," 150,000,000 ", 2 ," 29,057 ", 6 ," 150,000,000 "
" 4,000 ", 36 , 2 ," 200,000,000 ", 2 ," 38,387 ", 8 ," 200,000,000 "
" 4,000 ", 36 , 5 ," 50,000,000 ", 2 ," 9,734 ", 2 ," 50,000,000 "
" 4,000 ", 36 , 5 ," 100,000,000 ", 2 ," 19,121 ", 4 ," 100,000,000 "
" 4,000 ", 36 , 5 ," 150,000,000 ", 2 ," 28,291 ", 6 ," 150,000,000 "
" 4,000 ", 36 , 5 ," 200,000,000 ", 2 ," 37,358 ", 8 ," 200,000,000 "
" 4,000 ", 39 , 1 ," 50,000,000 ", 2 ," 9,797 ", 2 ," 50,000,000 "
" 4,000 ", 39 , 1 ," 100,000,000 ", 2 ," 19,374 ", 4 ," 100,000,000 "
" 4,000 ", 39 , 1 ," 150,000,000 ", 2 ," 28,781 ", 6 ," 150,000,000 "
" 4,000 ", 39 , 1 ," 200,000,000 ", 2 ," 37,922 ", 8 ," 200,000,000 "
" 4,000 ", 39 , 2 ," 50,000,000 ", 2 ," 9,731 ", 2 ," 50,000,000 "
" 4,000 ", 39 , 2 ," 100,000,000 ", 2 ," 19,165 ", 4 ," 100,000,000 "
" 4,000 ", 39 , 2 ," 150,000,000 ", 2 ," 28,454 ", 6 ," 150,000,000 "
" 4,000 ", 39 , 2 ," 200,000,000 ", 2 ," 37,545 ", 8 ," 200,000,000 "
" 4,000 ", 39 , 5 ," 50,000,000 ", 2 ," 9,542 ", 2 ," 50,000,000 "
" 4,000 ", 39 , 5 ," 100,000,000 ", 2 ," 18,736 ", 4 ," 100,000,000 "
" 4,000 ", 39 , 5 ," 150,000,000 ", 2 ," 27,699 ", 6 ," 150,000,000 "
" 4,000 ", 39 , 5 ," 200,000,000 ", 2 ," 36,551 ", 8 ," 200,000,000 "
" 5,000 ", 30 , 1 ," 50,000,000 ", 2 ," 8,337 ", 2 ," 50,000,000 "
" 5,000 ", 30 , 1 ," 100,000,000 ", 2 ," 16,557 ", 4 ," 100,000,000 "
" 5,000 ", 30 , 1 ," 150,000,000 ", 2 ," 25,000 ", 5 ," 149,999,971 "
" 5,000 ", 30 , 1 ," 200,000,000 ", 2 ," 33,556 ", 7 ," 200,000,000 "
" 5,000 ", 30 , 2 ," 50,000,000 ", 2 ," 8,297 ", 2 ," 50,000,000 "
" 5,000 ", 30 , 2 ," 100,000,000 ", 2 ," 16,449 ", 4 ," 100,000,000 "
" 5,000 ", 30 , 2 ," 150,000,000 ", 2 ," 25,000 ", 5 ," 148,572,484 "
" 5,000 ", 30 , 2 ," 200,000,000 ", 2 ," 33,269 ", 7 ," 200,000,000 "
" 5,000 ", 30 , 5 ," 50,000,000 ", 2 ," 8,191 ", 2 ," 50,000,000 "
" 5,000 ", 30 , 5 ," 100,000,000 ", 2 ," 16,227 ", 4 ," 100,000,000 "
" 5,000 ", 30 , 5 ," 150,000,000 ", 2 ," 24,783 ", 5 ," 150,000,000 "
" 5,000 ", 30 , 5 ," 200,000,000 ", 2 ," 32,574 ", 7 ," 200,000,000 "
" 5,000 ", 33 , 1 ," 50,000,000 ", 2 ," 8,180 ", 2 ," 50,000,000 "
" 5,000 ", 33 , 1 ," 100,000,000 ", 2 ," 16,233 ", 4 ," 100,000,000 "
" 5,000 ", 33 , 1 ," 150,000,000 ", 2 ," 25,000 ", 5 ," 149,491,643 "
" 5,000 ", 33 , 1 ," 200,000,000 ", 2 ," 32,959 ", 7 ," 200,000,000 "
" 5,000 ", 33 , 2 ," 50,000,000 ", 2 ," 8,137 ", 2 ," 50,000,000 "
" 5,000 ", 33 , 2 ," 100,000,000 ", 2 ," 16,119 ", 4 ," 100,000,000 "
" 5,000 ", 33 , 2 ," 150,000,000 ", 2 ," 24,868 ", 5 ," 150,000,000 "
" 5,000 ", 33 , 2 ," 200,000,000 ", 2 ," 32,686 ", 7 ," 200,000,000 "
" 5,000 ", 33 , 5 ," 50,000,000 ", 2 ," 8,030 ", 2 ," 50,000,000 "
" 5,000 ", 33 , 5 ," 100,000,000 ", 2 ," 15,907 ", 4 ," 100,000,000 "
" 5,000 ", 33 , 5 ," 150,000,000 ", 2 ," 24,360 ", 5 ," 150,000,000 "
" 5,000 ", 33 , 5 ," 200,000,000 ", 2 ," 31,985 ", 7 ," 200,000,000 "
" 5,000 ", 36 , 1 ," 50,000,000 ", 2 ," 8,024 ", 2 ," 50,000,000 "
" 5,000 ", 36 , 1 ," 100,000,000 ", 2 ," 15,910 ", 4 ," 100,000,000 "
" 5,000 ", 36 , 1 ," 150,000,000 ", 2 ," 24,689 ", 5 ," 150,000,000 "
" 5,000 ", 36 , 1 ," 200,000,000 ", 2 ," 32,360 ", 7 ," 200,000,000 "
" 5,000 ", 36 , 2 ," 50,000,000 ", 2 ," 7,978 ", 2 ," 50,000,000 "
" 5,000 ", 36 , 2 ," 100,000,000 ", 2 ," 15,787 ", 4 ," 100,000,000 "
" 5,000 ", 36 , 2 ," 150,000,000 ", 2 ," 24,469 ", 5 ," 150,000,000 "
" 5,000 ", 36 , 2 ," 200,000,000 ", 2 ," 32,100 ", 7 ," 200,000,000 "
" 5,000 ", 36 , 5 ," 50,000,000 ", 2 ," 7,868 ", 2 ," 50,000,000 "
" 5,000 ", 36 , 5 ," 100,000,000 ", 2 ," 15,585 ", 4 ," 100,000,000 "
" 5,000 ", 36 , 5 ," 150,000,000 ", 2 ," 23,964 ", 5 ," 150,000,000 "
" 5,000 ", 36 , 5 ," 200,000,000 ", 2 ," 31,413 ", 7 ," 200,000,000 "
" 5,000 ", 39 , 1 ," 50,000,000 ", 2 ," 7,868 ", 2 ," 50,000,000 "
" 5,000 ", 39 , 1 ," 100,000,000 ", 2 ," 15,586 ", 4 ," 100,000,000 "
" 5,000 ", 39 , 1 ," 150,000,000 ", 2 ," 24,277 ", 5 ," 150,000,000 "
" 5,000 ", 39 , 1 ," 200,000,000 ", 2 ," 31,760 ", 7 ," 200,000,000 "
" 5,000 ", 39 , 2 ," 50,000,000 ", 2 ," 7,819 ", 2 ," 50,000,000 "
" 5,000 ", 39 , 2 ," 100,000,000 ", 2 ," 15,468 ", 4 ," 100,000,000 "
" 5,000 ", 39 , 2 ," 150,000,000 ", 2 ," 24,068 ", 5 ," 150,000,000 "
" 5,000 ", 39 , 2 ," 200,000,000 ", 2 ," 31,512 ", 7 ," 200,000,000 "
" 5,000 ", 39 , 5 ," 50,000,000 ", 2 ," 7,713 ", 2 ," 50,000,000 "
" 5,000 ", 39 , 5 ," 100,000,000 ", 2 ," 15,262 ", 4 ," 100,000,000 "
" 5,000 ", 39 , 5 ," 150,000,000 ", 2 ," 23,567 ", 5 ," 150,000,000 "
" 5,000 ", 39 , 5 ," 200,000,000 ", 2 ," 30,843 ", 7 ," 200,000,000 "
" 6,000 ", 30 , 1 ," 50,000,000 ", 2 ," 6,969 ", 2 ," 50,000,000 "
" 6,000 ", 30 , 1 ," 100,000,000 ", 2 ," 14,513 ", 3 ," 100,000,000 "
" 6,000 ", 30 , 1 ," 150,000,000 ", 2 ," 21,347 ", 5 ," 150,000,000 "
" 6,000 ", 30 , 1 ," 200,000,000 ", 2 ," 28,808 ", 6 ," 200,000,000 "
" 6,000 ", 30 , 2 ," 50,000,000 ", 2 ," 6,934 ", 2 ," 50,000,000 "
" 6,000 ", 30 , 2 ," 100,000,000 ", 2 ," 14,434 ", 3 ," 100,000,000 "
" 6,000 ", 30 , 2 ," 150,000,000 ", 2 ," 21,224 ", 5 ," 150,000,000 "
" 6,000 ", 30 , 2 ," 200,000,000 ", 2 ," 28,594 ", 6 ," 200,000,000 "
" 6,000 ", 30 , 5 ," 50,000,000 ", 2 ," 6,874 ", 2 ," 50,000,000 "
" 6,000 ", 30 , 5 ," 100,000,000 ", 2 ," 14,283 ", 3 ," 100,000,000 "
" 6,000 ", 30 , 5 ," 150,000,000 ", 2 ," 20,919 ", 5 ," 150,000,000 "
" 6,000 ", 30 , 5 ," 200,000,000 ", 2 ," 28,116 ", 6 ," 200,000,000 "
" 6,000 ", 33 , 1 ," 50,000,000 ", 2 ," 6,837 ", 2 ," 50,000,000 "
" 6,000 ", 33 , 1 ," 100,000,000 ", 2 ," 14,312 ", 3 ," 100,000,000 "
" 6,000 ", 33 , 1 ," 150,000,000 ", 2 ," 21,000 ", 5 ," 150,000,000 "
" 6,000 ", 33 , 1 ," 200,000,000 ", 2 ," 28,388 ", 6 ," 200,000,000 "
" 6,000 ", 33 , 2 ," 50,000,000 ", 2 ," 6,801 ", 2 ," 50,000,000 "
" 6,000 ", 33 , 2 ," 100,000,000 ", 2 ," 14,225 ", 3 ," 100,000,000 "
" 6,000 ", 33 , 2 ," 150,000,000 ", 2 ," 20,883 ", 5 ," 150,000,000 "
" 6,000 ", 33 , 2 ," 200,000,000 ", 2 ," 28,178 ", 6 ," 200,000,000 "
" 6,000 ", 33 , 5 ," 50,000,000 ", 2 ," 6,738 ", 2 ," 50,000,000 "
" 6,000 ", 33 , 5 ," 100,000,000 ", 2 ," 14,079 ", 3 ," 100,000,000 "
" 6,000 ", 33 , 5 ," 150,000,000 ", 2 ," 20,569 ", 5 ," 150,000,000 "
" 6,000 ", 33 , 5 ," 200,000,000 ", 2 ," 27,698 ", 6 ," 200,000,000 "
" 6,000 ", 36 , 1 ," 50,000,000 ", 2 ," 6,706 ", 2 ," 50,000,000 "
" 6,000 ", 36 , 1 ," 100,000,000 ", 2 ," 14,110 ", 3 ," 100,000,000 "
" 6,000 ", 36 , 1 ," 150,000,000 ", 2 ," 20,653 ", 5 ," 150,000,000 "
" 6,000 ", 36 , 1 ," 200,000,000 ", 2 ," 27,968 ", 6 ," 200,000,000 "
" 6,000 ", 36 , 2 ," 50,000,000 ", 2 ," 6,672 ", 2 ," 50,000,000 "
" 6,000 ", 36 , 2 ," 100,000,000 ", 2 ," 14,018 ", 3 ," 100,000,000 "
" 6,000 ", 36 , 2 ," 150,000,000 ", 2 ," 20,542 ", 5 ," 150,000,000 "
" 6,000 ", 36 , 2 ," 200,000,000 ", 2 ," 27,764 ", 6 ," 200,000,000 "
" 6,000 ", 36 , 5 ," 50,000,000 ", 2 ," 6,603 ", 2 ," 50,000,000 "
" 6,000 ", 36 , 5 ," 100,000,000 ", 2 ," 13,874 ", 3 ," 100,000,000 "
" 6,000 ", 36 , 5 ," 150,000,000 ", 2 ," 20,230 ", 5 ," 150,000,000 "
" 6,000 ", 36 , 5 ," 200,000,000 ", 2 ," 27,280 ", 6 ," 200,000,000 "
" 6,000 ", 39 , 1 ," 50,000,000 ", 2 ," 6,575 ", 2 ," 50,000,000 "
" 6,000 ", 39 , 1 ," 100,000,000 ", 2 ," 13,908 ", 3 ," 100,000,000 "
" 6,000 ", 39 , 1 ," 150,000,000 ", 2 ," 20,307 ", 5 ," 150,000,000 "
" 6,000 ", 39 , 1 ," 200,000,000 ", 2 ," 27,548 ", 6 ," 200,000,000 "
" 6,000 ", 39 , 2 ," 50,000,000 ", 2 ," 6,542 ", 2 ," 50,000,000 "
" 6,000 ", 39 , 2 ," 100,000,000 ", 2 ," 13,819 ", 3 ," 100,000,000 "
" 6,000 ", 39 , 2 ," 150,000,000 ", 2 ," 20,201 ", 5 ," 150,000,000 "
" 6,000 ", 39 , 2 ," 200,000,000 ", 2 ," 27,352 ", 6 ," 200,000,000 "
" 6,000 ", 39 , 5 ," 50,000,000 ", 2 ," 6,469 ", 2 ," 50,000,000 "
" 6,000 ", 39 , 5 ," 100,000,000 ", 2 ," 13,669 ", 3 ," 100,000,000 "
" 6,000 ", 39 , 5 ," 150,000,000 ", 2 ," 20,000 ", 4 ," 145,518,258 "
" 6,000 ", 39 , 5 ," 200,000,000 ", 2 ," 26,871 ", 6 ," 200,000,000 "
" 7,000 ", 30 , 1 ," 50,000,000 ", 2 ," 5,982 ", 2 ," 50,000,000 "
" 7,000 ", 30 , 1 ," 100,000,000 ", 2 ," 12,470 ", 3 ," 100,000,000 "
" 7,000 ", 30 , 1 ," 150,000,000 ", 2 ," 18,930 ", 4 ," 150,000,000 "
" 7,000 ", 30 , 1 ," 200,000,000 ", 2 ," 25,000 ", 5 ," 199,999,978 "
" 7,000 ", 30 , 2 ," 50,000,000 ", 2 ," 5,959 ", 2 ," 50,000,000 "
" 7,000 ", 30 , 2 ," 100,000,000 ", 2 ," 12,414 ", 3 ," 100,000,000 "
" 7,000 ", 30 , 2 ," 150,000,000 ", 2 ," 18,831 ", 4 ," 150,000,000 "
" 7,000 ", 30 , 2 ," 200,000,000 ", 2 ," 25,000 ", 5 ," 198,572,484 "
" 7,000 ", 30 , 5 ," 50,000,000 ", 2 ," 5,921 ", 2 ," 50,000,000 "
" 7,000 ", 30 , 5 ," 100,000,000 ", 2 ," 12,306 ", 3 ," 100,000,000 "
" 7,000 ", 30 , 5 ," 150,000,000 ", 2 ," 18,592 ", 4 ," 150,000,000 "
" 7,000 ", 30 , 5 ," 200,000,000 ", 2 ," 24,842 ", 5 ," 200,000,000 "
" 7,000 ", 33 , 1 ," 50,000,000 ", 2 ," 5,869 ", 2 ," 50,000,000 "
" 7,000 ", 33 , 1 ," 100,000,000 ", 2 ," 12,297 ", 3 ," 100,000,000 "
" 7,000 ", 33 , 1 ," 150,000,000 ", 2 ," 18,698 ", 4 ," 150,000,000 "
" 7,000 ", 33 , 1 ," 200,000,000 ", 2 ," 25,000 ", 5 ," 199,491,643 "
" 7,000 ", 33 , 2 ," 50,000,000 ", 2 ," 5,847 ", 2 ," 50,000,000 "
" 7,000 ", 33 , 2 ," 100,000,000 ", 2 ," 12,243 ", 3 ," 100,000,000 "
" 7,000 ", 33 , 2 ," 150,000,000 ", 2 ," 18,595 ", 4 ," 150,000,000 "
" 7,000 ", 33 , 2 ," 200,000,000 ", 2 ," 24,904 ", 5 ," 200,000,000 "
" 7,000 ", 33 , 5 ," 50,000,000 ", 2 ," 5,804 ", 2 ," 50,000,000 "
" 7,000 ", 33 , 5 ," 100,000,000 ", 2 ," 12,129 ", 3 ," 100,000,000 "
" 7,000 ", 33 , 5 ," 150,000,000 ", 2 ," 18,361 ", 4 ," 150,000,000 "
" 7,000 ", 33 , 5 ," 200,000,000 ", 2 ," 24,533 ", 5 ," 200,000,000 "
" 7,000 ", 36 , 1 ," 50,000,000 ", 2 ," 5,756 ", 2 ," 50,000,000 "
" 7,000 ", 36 , 1 ," 100,000,000 ", 2 ," 12,123 ", 3 ," 100,000,000 "
" 7,000 ", 36 , 1 ," 150,000,000 ", 2 ," 18,467 ", 4 ," 150,000,000 "
" 7,000 ", 36 , 1 ," 200,000,000 ", 2 ," 24,776 ", 5 ," 200,000,000 "
" 7,000 ", 36 , 2 ," 50,000,000 ", 2 ," 5,735 ", 2 ," 50,000,000 "
" 7,000 ", 36 , 2 ," 100,000,000 ", 2 ," 12,071 ", 3 ," 100,000,000 "
" 7,000 ", 36 , 2 ," 150,000,000 ", 2 ," 18,360 ", 4 ," 150,000,000 "
" 7,000 ", 36 , 2 ," 200,000,000 ", 2 ," 24,615 ", 5 ," 200,000,000 "
" 7,000 ", 36 , 5 ," 50,000,000 ", 2 ," 5,687 ", 2 ," 50,000,000 "
" 7,000 ", 36 , 5 ," 100,000,000 ", 2 ," 11,952 ", 3 ," 100,000,000 "
" 7,000 ", 36 , 5 ," 150,000,000 ", 2 ," 18,135 ", 4 ," 150,000,000 "
" 7,000 ", 36 , 5 ," 200,000,000 ", 2 ," 24,240 ", 5 ," 200,000,000 "
" 7,000 ", 39 , 1 ," 50,000,000 ", 2 ," 5,643 ", 2 ," 50,000,000 "
" 7,000 ", 39 , 1 ," 100,000,000 ", 2 ," 11,949 ", 3 ," 100,000,000 "
" 7,000 ", 39 , 1 ," 150,000,000 ", 2 ," 18,236 ", 4 ," 150,000,000 "
" 7,000 ", 39 , 1 ," 200,000,000 ", 2 ," 24,480 ", 5 ," 200,000,000 "
" 7,000 ", 39 , 2 ," 50,000,000 ", 2 ," 5,622 ", 2 ," 50,000,000 "
" 7,000 ", 39 , 2 ," 100,000,000 ", 2 ," 11,898 ", 3 ," 100,000,000 "
" 7,000 ", 39 , 2 ," 150,000,000 ", 2 ," 18,124 ", 4 ," 150,000,000 "
" 7,000 ", 39 , 2 ," 200,000,000 ", 2 ," 24,324 ", 5 ," 200,000,000 "
" 7,000 ", 39 , 5 ," 50,000,000 ", 2 ," 5,570 ", 2 ," 50,000,000 "
" 7,000 ", 39 , 5 ," 100,000,000 ", 2 ," 11,775 ", 3 ," 100,000,000 "
" 7,000 ", 39 , 5 ," 150,000,000 ", 2 ," 17,910 ", 4 ," 150,000,000 "
" 7,000 ", 39 , 5 ," 200,000,000 ", 2 ," 23,949 ", 5 ," 200,000,000 "
" 8,000 ", 30 , 1 ," 50,000,000 ", 2 ," 5,239 ", 2 ," 50,000,000 "
" 8,000 ", 30 , 1 ," 100,000,000 ", 2 ," 10,925 ", 3 ," 100,000,000 "
" 8,000 ", 30 , 1 ," 150,000,000 ", 2 ," 16,597 ", 4 ," 150,000,000 "
" 8,000 ", 30 , 1 ," 200,000,000 ", 2 ," 22,249 ", 5 ," 200,000,000 "
" 8,000 ", 30 , 2 ," 50,000,000 ", 2 ," 5,223 ", 2 ," 50,000,000 "
" 8,000 ", 30 , 2 ," 100,000,000 ", 2 ," 10,888 ", 3 ," 100,000,000 "
" 8,000 ", 30 , 2 ," 150,000,000 ", 2 ," 16,530 ", 4 ," 150,000,000 "
" 8,000 ", 30 , 2 ," 200,000,000 ", 2 ," 22,145 ", 5 ," 200,000,000 "
" 8,000 ", 30 , 5 ," 50,000,000 ", 2 ," 5,197 ", 2 ," 50,000,000 "
" 8,000 ", 30 , 5 ," 100,000,000 ", 2 ," 10,808 ", 3 ," 100,000,000 "
" 8,000 ", 30 , 5 ," 150,000,000 ", 2 ," 16,386 ", 4 ," 150,000,000 "
" 8,000 ", 30 , 5 ," 200,000,000 ", 2 ," 21,901 ", 5 ," 200,000,000 "
" 8,000 ", 33 , 1 ," 50,000,000 ", 2 ," 5,140 ", 2 ," 50,000,000 "
" 8,000 ", 33 , 1 ," 100,000,000 ", 2 ," 10,772 ", 3 ," 100,000,000 "
" 8,000 ", 33 , 1 ," 150,000,000 ", 2 ," 16,394 ", 4 ," 150,000,000 "
" 8,000 ", 33 , 1 ," 200,000,000 ", 2 ," 21,987 ", 5 ," 200,000,000 "
" 8,000 ", 33 , 2 ," 50,000,000 ", 2 ," 5,124 ", 2 ," 50,000,000 "
" 8,000 ", 33 , 2 ," 100,000,000 ", 2 ," 10,736 ", 3 ," 100,000,000 "
" 8,000 ", 33 , 2 ," 150,000,000 ", 2 ," 16,321 ", 4 ," 150,000,000 "
" 8,000 ", 33 , 2 ," 200,000,000 ", 2 ," 21,887 ", 5 ," 200,000,000 "
" 8,000 ", 33 , 5 ," 50,000,000 ", 2 ," 5,093 ", 2 ," 50,000,000 "
" 8,000 ", 33 , 5 ," 100,000,000 ", 2 ," 10,652 ", 3 ," 100,000,000 "
" 8,000 ", 33 , 5 ," 150,000,000 ", 2 ," 16,182 ", 4 ," 150,000,000 "
" 8,000 ", 33 , 5 ," 200,000,000 ", 2 ," 21,637 ", 5 ," 200,000,000 "
" 8,000 ", 36 , 1 ," 50,000,000 ", 2 ," 5,041 ", 2 ," 50,000,000 "
" 8,000 ", 36 , 1 ," 100,000,000 ", 2 ," 10,619 ", 3 ," 100,000,000 "
" 8,000 ", 36 , 1 ," 150,000,000 ", 2 ," 16,190 ", 4 ," 150,000,000 "
" 8,000 ", 36 , 1 ," 200,000,000 ", 2 ," 21,726 ", 5 ," 200,000,000 "
" 8,000 ", 36 , 2 ," 50,000,000 ", 2 ," 5,026 ", 2 ," 50,000,000 "
" 8,000 ", 36 , 2 ," 100,000,000 ", 2 ," 10,584 ", 3 ," 100,000,000 "
" 8,000 ", 36 , 2 ," 150,000,000 ", 2 ," 16,112 ", 4 ," 150,000,000 "
" 8,000 ", 36 , 2 ," 200,000,000 ", 2 ," 21,629 ", 5 ," 200,000,000 "
" 8,000 ", 36 , 5 ," 50,000,000 ", 2 ," 5,000 ", 1 ," 45,602,700 "
" 8,000 ", 36 , 5 ," 100,000,000 ", 2 ," 10,496 ", 3 ," 100,000,000 "
" 8,000 ", 36 , 5 ," 150,000,000 ", 2 ," 15,977 ", 4 ," 150,000,000 "
" 8,000 ", 36 , 5 ," 200,000,000 ", 2 ," 21,374 ", 5 ," 200,000,000 "
" 8,000 ", 39 , 1 ," 50,000,000 ", 2 ," 5,000 ", 1 ," 45,106,731 "
" 8,000 ", 39 , 1 ," 100,000,000 ", 2 ," 10,466 ", 3 ," 100,000,000 "
" 8,000 ", 39 , 1 ," 150,000,000 ", 2 ," 15,986 ", 4 ," 150,000,000 "
" 8,000 ", 39 , 1 ," 200,000,000 ", 2 ," 21,465 ", 5 ," 200,000,000 "
" 8,000 ", 39 , 2 ," 50,000,000 ", 2 ," 5,000 ", 1 ," 45,324,790 "
" 8,000 ", 39 , 2 ," 100,000,000 ", 2 ," 10,432 ", 3 ," 100,000,000 "
" 8,000 ", 39 , 2 ," 150,000,000 ", 2 ," 15,906 ", 4 ," 150,000,000 "
" 8,000 ", 39 , 2 ," 200,000,000 ", 2 ," 21,371 ", 5 ," 200,000,000 "
" 8,000 ", 39 , 5 ," 50,000,000 ", 2 ," 5,000 ", 1 ," 45,960,561 "
" 8,000 ", 39 , 5 ," 100,000,000 ", 2 ," 10,340 ", 3 ," 100,000,000 "
" 8,000 ", 39 , 5 ," 150,000,000 ", 2 ," 15,772 ", 4 ," 150,000,000 "
" 8,000 ", 39 , 5 ," 200,000,000 ", 2 ," 21,111 ", 5 ," 200,000,000 "
" 9,000 ", 30 , 1 ," 50,000,000 ", 2 ," 5,000 ", 1 ," 48,975,041 "
" 9,000 ", 30 , 1 ," 100,000,000 ", 2 ," 10,000 ", 2 ," 98,390,363 "
" 9,000 ", 30 , 1 ," 150,000,000 ", 2 ," 15,000 ", 3 ," 148,291,431 "
" 9,000 ", 30 , 1 ," 200,000,000 ", 2 ," 20,000 ", 4 ," 197,641,683 "
" 9,000 ", 30 , 2 ," 50,000,000 ", 2 ," 5,000 ", 1 ," 49,189,460 "
" 9,000 ", 30 , 2 ," 100,000,000 ", 2 ," 10,000 ", 2 ," 98,813,936 "
" 9,000 ", 30 , 2 ," 150,000,000 ", 2 ," 15,000 ", 3 ," 148,455,717 "
" 9,000 ", 30 , 2 ," 200,000,000 ", 2 ," 20,000 ", 4 ," 198,430,963 "
" 9,000 ", 30 , 5 ," 50,000,000 ", 2 ," 5,000 ", 1 ," 49,492,309 "
" 9,000 ", 30 , 5 ," 100,000,000 ", 2 ," 10,000 ", 2 ," 99,508,482 "
" 9,000 ", 30 , 5 ," 150,000,000 ", 2 ," 15,000 ", 3 ," 149,509,550 "
" 9,000 ", 30 , 5 ," 200,000,000 ", 2 ," 19,978 ", 4 ," 200,000,000 "
" 9,000 ", 33 , 1 ," 50,000,000 ", 2 ," 5,000 ", 1 ," 49,351,035 "
" 9,000 ", 33 , 1 ," 100,000,000 ", 2 ," 10,000 ", 2 ," 99,197,617 "
" 9,000 ", 33 , 1 ," 150,000,000 ", 2 ," 15,000 ", 3 ," 149,204,499 "
" 9,000 ", 33 , 1 ," 200,000,000 ", 2 ," 20,000 ", 4 ," 199,291,824 "
" 9,000 ", 33 , 2 ," 50,000,000 ", 2 ," 5,000 ", 1 ," 49,429,359 "
" 9,000 ", 33 , 2 ," 100,000,000 ", 2 ," 10,000 ", 2 ," 99,612,175 "
" 9,000 ", 33 , 2 ," 150,000,000 ", 2 ," 15,000 ", 3 ," 149,732,384 "
" 9,000 ", 33 , 2 ," 200,000,000 ", 2 ," 19,986 ", 4 ," 200,000,000 "
" 9,000 ", 33 , 5 ," 50,000,000 ", 2 ," 5,000 ", 1 ," 49,868,372 "
" 9,000 ", 33 , 5 ," 100,000,000 ", 2 ," 9,966 ", 2 ," 100,000,000 "
" 9,000 ", 33 , 5 ," 150,000,000 ", 2 ," 14,917 ", 3 ," 150,000,000 "
" 9,000 ", 33 , 5 ," 200,000,000 ", 2 ," 19,787 ", 4 ," 200,000,000 "
" 9,000 ", 36 , 1 ," 50,000,000 ", 2 ," 5,000 ", 1 ," 49,659,084 "
" 9,000 ", 36 , 1 ," 100,000,000 ", 2 ," 9,999 ", 2 ," 100,000,000 "
" 9,000 ", 36 , 1 ," 150,000,000 ", 2 ," 14,952 ", 3 ," 150,000,000 "
" 9,000 ", 36 , 1 ," 200,000,000 ", 2 ," 19,896 ", 4 ," 200,000,000 "
" 9,000 ", 36 , 2 ," 50,000,000 ", 2 ," 5,000 ", 1 ," 49,805,422 "
" 9,000 ", 36 , 2 ," 100,000,000 ", 2 ," 9,968 ", 2 ," 100,000,000 "
" 9,000 ", 36 , 2 ," 150,000,000 ", 2 ," 14,889 ", 3 ," 150,000,000 "
" 9,000 ", 36 , 2 ," 200,000,000 ", 2 ," 19,802 ", 4 ," 200,000,000 "
" 9,000 ", 36 , 5 ," 50,000,000 ", 2 ," 4,973 ", 1 ," 50,000,000 "
" 9,000 ", 36 , 5 ," 100,000,000 ", 2 ," 9,878 ", 2 ," 100,000,000 "
" 9,000 ", 36 , 5 ," 150,000,000 ", 2 ," 14,779 ", 3 ," 150,000,000 "
" 9,000 ", 36 , 5 ," 200,000,000 ", 2 ," 19,596 ", 4 ," 200,000,000 "
" 9,000 ", 39 , 1 ," 50,000,000 ", 2 ," 4,996 ", 1 ," 50,000,000 "
" 9,000 ", 39 , 1 ," 100,000,000 ", 2 ," 9,909 ", 2 ," 100,000,000 "
" 9,000 ", 39 , 1 ," 150,000,000 ", 2 ," 14,817 ", 3 ," 150,000,000 "
" 9,000 ", 39 , 1 ," 200,000,000 ", 2 ," 19,716 ", 4 ," 200,000,000 "
" 9,000 ", 39 , 2 ," 50,000,000 ", 2 ," 4,980 ", 1 ," 50,000,000 "
" 9,000 ", 39 , 2 ," 100,000,000 ", 2 ," 9,879 ", 2 ," 100,000,000 "
" 9,000 ", 39 , 2 ," 150,000,000 ", 2 ," 14,749 ", 3 ," 150,000,000 "
" 9,000 ", 39 , 2 ," 200,000,000 ", 2 ," 19,618 ", 4 ," 200,000,000 "
" 9,000 ", 39 , 5 ," 50,000,000 ", 2 ," 4,933 ", 1 ," 50,000,000 "
" 9,000 ", 39 , 5 ," 100,000,000 ", 2 ," 9,790 ", 2 ," 100,000,000 "
" 9,000 ", 39 , 5 ," 150,000,000 ", 2 ," 14,641 ", 3 ," 150,000,000 "
" 9,000 ", 39 , 5 ," 200,000,000 ", 2 ," 19,404 ", 4 ," 200,000,000 "
" 10,000 ", 30 , 1 ," 50,000,000 ", 2 ," 4,611 ", 1 ," 50,000,000 "
" 10,000 ", 30 , 1 ," 100,000,000 ", 2 ," 9,165 ", 2 ," 100,000,000 "
" 10,000 ", 30 , 1 ," 150,000,000 ", 2 ," 13,716 ", 3 ," 150,000,000 "
" 10,000 ", 30 , 1 ," 200,000,000 ", 2 ," 18,260 ", 4 ," 200,000,000 "
" 10,000 ", 30 , 2 ," 50,000,000 ", 2 ," 4,598 ", 1 ," 50,000,000 "
" 10,000 ", 30 , 2 ," 100,000,000 ", 2 ," 9,141 ", 2 ," 100,000,000 "
" 10,000 ", 30 , 2 ," 150,000,000 ", 2 ," 13,668 ", 3 ," 150,000,000 "
" 10,000 ", 30 , 2 ," 200,000,000 ", 2 ," 18,195 ", 4 ," 200,000,000 "
" 10,000 ", 30 , 5 ," 50,000,000 ", 2 ," 4,560 ", 1 ," 50,000,000 "
" 10,000 ", 30 , 5 ," 100,000,000 ", 2 ," 9,076 ", 2 ," 100,000,000 "
" 10,000 ", 30 , 5 ," 150,000,000 ", 2 ," 13,586 ", 3 ," 150,000,000 "
" 10,000 ", 30 , 5 ," 200,000,000 ", 2 ," 18,039 ", 4 ," 200,000,000 "
" 10,000 ", 33 , 1 ," 50,000,000 ", 2 ," 4,574 ", 1 ," 50,000,000 "
" 10,000 ", 33 , 1 ," 100,000,000 ", 2 ," 9,084 ", 2 ," 100,000,000 "
" 10,000 ", 33 , 1 ," 150,000,000 ", 2 ," 13,594 ", 3 ," 150,000,000 "
" 10,000 ", 33 , 1 ," 200,000,000 ", 2 ," 18,097 ", 4 ," 200,000,000 "
" 10,000 ", 33 , 2 ," 50,000,000 ", 2 ," 4,561 ", 1 ," 50,000,000 "
" 10,000 ", 33 , 2 ," 100,000,000 ", 2 ," 9,061 ", 2 ," 100,000,000 "
" 10,000 ", 33 , 2 ," 150,000,000 ", 2 ," 13,543 ", 3 ," 150,000,000 "
" 10,000 ", 33 , 2 ," 200,000,000 ", 2 ," 18,028 ", 4 ," 200,000,000 "
" 10,000 ", 33 , 5 ," 50,000,000 ", 2 ," 4,524 ", 1 ," 50,000,000 "
" 10,000 ", 33 , 5 ," 100,000,000 ", 2 ," 8,994 ", 2 ," 100,000,000 "
" 10,000 ", 33 , 5 ," 150,000,000 ", 2 ," 13,461 ", 3 ," 150,000,000 "
" 10,000 ", 33 , 5 ," 200,000,000 ", 2 ," 17,878 ", 4 ," 200,000,000 "
" 10,000 ", 36 , 1 ," 50,000,000 ", 2 ," 4,536 ", 1 ," 50,000,000 "
" 10,000 ", 36 , 1 ," 100,000,000 ", 2 ," 9,004 ", 2 ," 100,000,000 "
" 10,000 ", 36 , 1 ," 150,000,000 ", 2 ," 13,472 ", 3 ," 150,000,000 "
" 10,000 ", 36 , 1 ," 200,000,000 ", 2 ," 17,934 ", 4 ," 200,000,000 "
" 10,000 ", 36 , 2 ," 50,000,000 ", 2 ," 4,524 ", 1 ," 50,000,000 "
" 10,000 ", 36 , 2 ," 100,000,000 ", 2 ," 8,980 ", 2 ," 100,000,000 "
" 10,000 ", 36 , 2 ," 150,000,000 ", 2 ," 13,423 ", 3 ," 150,000,000 "
" 10,000 ", 36 , 2 ," 200,000,000 ", 2 ," 17,862 ", 4 ," 200,000,000 "
" 10,000 ", 36 , 5 ," 50,000,000 ", 2 ," 4,487 ", 1 ," 50,000,000 "
" 10,000 ", 36 , 5 ," 100,000,000 ", 2 ," 8,912 ", 2 ," 100,000,000 "
" 10,000 ", 36 , 5 ," 150,000,000 ", 2 ," 13,336 ", 3 ," 150,000,000 "
" 10,000 ", 36 , 5 ," 200,000,000 ", 2 ," 17,716 ", 4 ," 200,000,000 "
" 10,000 ", 39 , 1 ," 50,000,000 ", 2 ," 4,499 ", 1 ," 50,000,000 "
" 10,000 ", 39 , 1 ," 100,000,000 ", 2 ," 8,923 ", 2 ," 100,000,000 "
" 10,000 ", 39 , 1 ," 150,000,000 ", 2 ," 13,351 ", 3 ," 150,000,000 "
" 10,000 ", 39 , 1 ," 200,000,000 ", 2 ," 17,771 ", 4 ," 200,000,000 "
" 10,000 ", 39 , 2 ," 50,000,000 ", 2 ," 4,486 ", 1 ," 50,000,000 "
" 10,000 ", 39 , 2 ," 100,000,000 ", 2 ," 8,900 ", 2 ," 100,000,000 "
" 10,000 ", 39 , 2 ," 150,000,000 ", 2 ," 13,302 ", 3 ," 150,000,000 "
" 10,000 ", 39 , 2 ," 200,000,000 ", 2 ," 17,696 ", 4 ," 200,000,000 "
" 10,000 ", 39 , 5 ," 50,000,000 ", 2 ," 4,450 ", 1 ," 50,000,000 "
" 10,000 ", 39 , 5 ," 100,000,000 ", 2 ," 8,832 ", 2 ," 100,000,000 "
" 10,000 ", 39 , 5 ," 150,000,000 ", 2 ," 13,211 ", 3 ," 150,000,000 "
" 10,000 ", 39 , 5 ," 200,000,000 ", 2 ," 17,555 ", 4 ," 200,000,000 "